Town,Year,Change
Bridgeport,2022,943
Bridgeport,2021,-608
Bridgeport,2020,-742
Bridgeport,2019,89
Bridgeport,2018,-45
Hamden,2022,630
Hamden,2021,-406
Hamden,2020,-216
Hamden,2019,-98
Hamden,2018,-37
Fairfield,2022,571
Fairfield,2021,-722
Fairfield,2020,-77
Fairfield,2019,38
Fairfield,2018,-58
Southington,2022,437
Southington,2021,-391
Southington,2020,-167
Southington,2019,-32
Southington,2018,-14
West Haven,2022,408
West Haven,2021,-112
West Haven,2020,-369
West Haven,2019,-50
West Haven,2018,8
Wallingford,2022,387
Wallingford,2021,-278
Wallingford,2020,-282
Wallingford,2019,35
Wallingford,2018,-28
Westport,2022,348
Westport,2021,-225
Westport,2020,-68
Westport,2019,-68
Westport,2018,-57
New Milford,2022,314
New Milford,2021,-181
New Milford,2020,-185
New Milford,2019,-88
New Milford,2018,78
Newington,2022,283
Newington,2021,-123
Newington,2020,-157
Newington,2019,-48
Newington,2018,-29
Ledyard,2022,170
Ledyard,2021,-138
Ledyard,2020,-79
Ledyard,2019,4
Ledyard,2018,2
East Hampton,2022,152
East Hampton,2021,-172
East Hampton,2020,1
East Hampton,2019,-47
East Hampton,2018,28
Ellington,2022,147
Ellington,2021,-145
Ellington,2020,-28
Ellington,2019,-15
Ellington,2018,-19
Seymour,2022,140
Seymour,2021,-85
Seymour,2020,-111
Seymour,2019,4
Seymour,2018,2
Clinton,2022,119
Clinton,2021,-150
Clinton,2020,-52
Clinton,2019,2
Clinton,2018,10
Stafford,2022,114
Stafford,2021,-14
Stafford,2020,-154
Stafford,2019,-36
Stafford,2018,89
Oxford,2022,105
Oxford,2021,-97
Oxford,2020,-75
Oxford,2019,9
Oxford,2018,20
North Branford,2022,93
North Branford,2021,-71
North Branford,2020,-10
North Branford,2019,5
North Branford,2018,26
Somers,2022,83
Somers,2021,-67
Somers,2020,-36
Somers,2019,-5
Somers,2018,12
Prospect,2022,82
Prospect,2021,-73
Prospect,2020,-76
Prospect,2019,1
Prospect,2018,15
North Stonington,2022,79
North Stonington,2021,-18
North Stonington,2020,-40
North Stonington,2019,-15
North Stonington,2018,-11
Haddam,2022,70
Haddam,2021,-83
Haddam,2020,3
Haddam,2019,-19
Haddam,2018,-17
Brooklyn,2022,70
Brooklyn,2021,-101
Brooklyn,2020,-15
Brooklyn,2019,-11
Brooklyn,2018,23
Marlborough,2022,59
Marlborough,2021,-51
Marlborough,2020,-34
Marlborough,2019,19
Marlborough,2018,-27
Canterbury,2022,56
Canterbury,2021,-53
Canterbury,2020,-29
Canterbury,2019,19
Canterbury,2018,-8
Voluntown,2022,55
Voluntown,2021,-30
Voluntown,2020,-15
Voluntown,2019,11
Voluntown,2018,-8
Derby,2022,41
Derby,2021,-45
Derby,2020,16
Derby,2019,-26
Derby,2018,23
Salisbury,2022,41
Salisbury,2021,-64
Salisbury,2020,20
Salisbury,2019,-18
Salisbury,2018,-13
Durham,2022,37
Durham,2021,-77
Durham,2020,-24
Durham,2019,-2
Durham,2018,11
Middlebury,2021,33
Middlebury,2020,2
Middlebury,2019,21
Middlebury,2018,113
Middlebury,2017,-69
Deep River,2022,31
Deep River,2021,-29
Deep River,2020,-52
Deep River,2019,23
Deep River,2018,4
Pomfret,2022,29
Pomfret,2021,-52
Pomfret,2020,-10
Pomfret,2019,18
Pomfret,2018,-12
Hartford,2021,28
Hartford,2020,-46
Hartford,2019,44
Hartford,2018,725
Hartford,2017,-382
Griswold,2021,23
Griswold,2020,18
Griswold,2019,2
Griswold,2018,169
Griswold,2017,-107
Greenwich,2021,20
Greenwich,2020,377
Greenwich,2019,-84
Greenwich,2018,12
Greenwich,2017,781
Montville,2021,13
Montville,2020,-58
Montville,2019,28
Montville,2018,298
Montville,2017,-228
Hartland,2022,5
Hartland,2021,-5
Hartland,2020,-14
Hartland,2019,-2
Hartland,2018,3
Andover,2021,2
Andover,2020,-18
Andover,2019,-6
Andover,2018,63
Andover,2017,-27
Woodstock,2021,1
Woodstock,2020,-11
Woodstock,2019,-26
Woodstock,2018,140
Woodstock,2017,-103
Colebrook,2022,0
Colebrook,2021,-2
Colebrook,2020,25
Colebrook,2019,-1
Colebrook,2018,-13
Plymouth,2021,-2
Plymouth,2020,-27
Plymouth,2019,-26
Plymouth,2018,223
Plymouth,2017,-84
Lisbon,2021,-3
Lisbon,2020,0
Lisbon,2019,-6
Lisbon,2018,73
Lisbon,2017,-23
Salem,2021,-3
Salem,2020,19
Salem,2019,-20
Salem,2018,1
Salem,2017,15
Sprague,2022,-5
Sprague,2021,6
Sprague,2020,-9
Sprague,2019,45
Sprague,2018,-17
Canaan,2022,-5
Canaan,2021,2
Canaan,2020,-1
Canaan,2019,29
Canaan,2018,-18
Eastford,2022,-6
Eastford,2021,-2
Eastford,2020,37
Eastford,2019,-6
Eastford,2018,-11
Barkhamsted,2022,-7
Barkhamsted,2021,-19
Barkhamsted,2020,82
Barkhamsted,2019,-50
Barkhamsted,2018,9
Thomaston,2021,-7
Thomaston,2020,14
Thomaston,2019,7
Thomaston,2018,7
Thomaston,2017,9
Union,2022,-7
Union,2021,13
Union,2020,-6
Union,2018,-4
Union,2017,14
Chaplin,2022,-9
Chaplin,2021,-9
Chaplin,2020,44
Chaplin,2019,-28
Chaplin,2018,-5
Bozrah,2022,-9
Bozrah,2021,-2
Bozrah,2020,-1
Bozrah,2019,29
Bozrah,2018,-7
Woodbridge,2022,-9
Woodbridge,2021,37
Woodbridge,2020,-15
Woodbridge,2019,-17
Woodbridge,2018,11
Norfolk,2022,-9
Norfolk,2021,-4
Norfolk,2020,36
Norfolk,2019,-13
Norfolk,2018,-17
Hampton,2022,-10
Hampton,2021,-5
Hampton,2020,37
Hampton,2019,-17
Hampton,2018,-5
Westbrook,2021,-11
Westbrook,2020,23
Westbrook,2019,-24
Westbrook,2018,135
Westbrook,2017,-73
Bridgewater,2022,-13
Bridgewater,2021,-5
Bridgewater,2020,22
Bridgewater,2019,-2
Bridgewater,2018,25
Scotland,2022,-13
Scotland,2021,10
Scotland,2020,19
Scotland,2019,-12
Scotland,2018,-11
Vernon,2021,-15
Vernon,2020,-32
Vernon,2019,1
Vernon,2018,406
Vernon,2017,-231
Warren,2022,-18
Warren,2021,-11
Warren,2020,34
Warren,2019,16
Warren,2018,-15
Cornwall,2021,-18
Cornwall,2020,16
Cornwall,2019,5
Cornwall,2018,30
Cornwall,2017,-25
Beacon Falls,2021,-21
Beacon Falls,2020,-16
Beacon Falls,2019,27
Beacon Falls,2018,111
Beacon Falls,2017,-58
Morris,2022,-24
Morris,2021,2
Morris,2020,24
Morris,2019,1
Morris,2018,6
Chester,2022,-25
Chester,2021,-4
Chester,2020,61
Chester,2019,-19
Chester,2018,-23
Franklin,2022,-26
Franklin,2021,5
Franklin,2020,45
Franklin,2019,-11
Franklin,2018,-7
Bolton,2022,-26
Bolton,2021,-4
Bolton,2020,78
Bolton,2019,-48
Bolton,2018,-10
Sterling,2022,-28
Sterling,2021,28
Sterling,2020,-37
Sterling,2019,102
Sterling,2018,-44
Bethlehem,2022,-28
Bethlehem,2021,-1
Bethlehem,2020,69
Bethlehem,2019,-21
Bethlehem,2018,-8
Colchester,2021,-30
Colchester,2020,46
Colchester,2019,17
Colchester,2018,190
Colchester,2017,-122
Sherman,2022,-30
Sherman,2021,-15
Sherman,2020,100
Sherman,2019,-53
Sherman,2018,-14
Lyme,2022,-33
Lyme,2021,9
Lyme,2020,50
Lyme,2019,-26
Lyme,2018,-13
East Granby,2022,-34
East Granby,2021,9
East Granby,2020,9
East Granby,2019,14
East Granby,2018,0
Preston,2022,-36
Preston,2021,20
Preston,2020,25
Preston,2019,61
Preston,2018,-41
New Hartford,2022,-36
New Hartford,2021,5
New Hartford,2020,17
New Hartford,2019,9
New Hartford,2018,-15
Willington,2022,-37
Willington,2021,25
Willington,2020,66
Willington,2019,-44
Willington,2018,-11
Killingworth,2021,-37
Killingworth,2020,35
Killingworth,2019,-24
Killingworth,2018,112
Killingworth,2017,-68
Ashford,2021,-40
Ashford,2020,24
Ashford,2019,-7
Ashford,2018,52
Ashford,2017,-36
Washington,2022,-43
Washington,2021,-31
Washington,2020,126
Washington,2019,-55
Washington,2018,-21
North Canaan,2022,-43
North Canaan,2021,35
North Canaan,2020,13
North Canaan,2019,33
North Canaan,2018,-12
Roxbury,2022,-44
Roxbury,2021,-3
Roxbury,2020,36
Roxbury,2019,35
Roxbury,2018,-19
Shelton,2021,-45
Shelton,2020,-5
Shelton,2019,52
Shelton,2018,50
Shelton,2017,-31
Columbia,2021,-45
Columbia,2020,26
Columbia,2019,0
Columbia,2018,73
Columbia,2017,-35
Goshen,2022,-46
Goshen,2021,1
Goshen,2020,26
Goshen,2019,79
Goshen,2018,-54
Middlefield,2022,-47
Middlefield,2021,29
Middlefield,2020,4
Middlefield,2019,0
Middlefield,2018,62
Harwinton,2022,-50
Harwinton,2021,11
Harwinton,2020,96
Harwinton,2019,-25
Harwinton,2018,-41
Kent,2022,-51
Kent,2021,-16
Kent,2020,96
Kent,2019,-26
Kent,2018,-2
Sharon,2022,-63
Sharon,2021,18
Sharon,2020,99
Sharon,2019,-32
Sharon,2018,-38
Meriden,2021,-70
Meriden,2020,55
Meriden,2019,61
Meriden,2018,-26
Meriden,2017,53
Burlington,2022,-72
Burlington,2021,-49
Burlington,2020,83
Burlington,2019,-16
Burlington,2018,40
Bethany,2022,-72
Bethany,2021,6
Bethany,2020,98
Bethany,2019,-39
Bethany,2018,-19
Easton,2022,-74
Easton,2021,-14
Easton,2020,55
Easton,2019,-11
Easton,2018,7
Lebanon,2022,-77
Lebanon,2021,-5
Lebanon,2020,132
Lebanon,2019,-59
Lebanon,2018,-77
Essex,2022,-78
Essex,2021,-20
Essex,2020,190
Essex,2019,-95
Essex,2018,-18
Windham,2022,-80
Windham,2021,123
Windham,2020,194
Windham,2019,-213
Windham,2018,-59
Mansfield,2022,-83
Mansfield,2021,245
Mansfield,2020,-113
Mansfield,2019,-99
Mansfield,2018,24
Portland,2022,-83
Portland,2021,56
Portland,2020,1
Portland,2019,-8
Portland,2018,14
Trumbull,2021,-84
Trumbull,2020,36
Trumbull,2019,-1
Trumbull,2018,48
Trumbull,2017,411
Putnam,2022,-84
Putnam,2021,173
Putnam,2020,-77
Putnam,2019,-68
Putnam,2018,-11
Groton,2021,-85
Groton,2020,31
Groton,2019,11
Groton,2018,481
Groton,2017,-337
Hebron,2021,-85
Hebron,2020,71
Hebron,2019,-21
Hebron,2018,127
Hebron,2017,-82
Manchester,2021,-86
Manchester,2020,62
Manchester,2019,-98
Manchester,2018,758
Manchester,2017,-429
Litchfield,2022,-87
Litchfield,2021,-32
Litchfield,2020,230
Litchfield,2019,-76
Litchfield,2018,-48
East Haven,2021,-88
East Haven,2020,38
East Haven,2019,-18
East Haven,2018,451
East Haven,2017,-263
Watertown,2022,-90
Watertown,2021,117
Watertown,2020,268
Watertown,2019,-217
Watertown,2018,-111
Ansonia,2022,-97
Ansonia,2021,55
Ansonia,2020,43
Ansonia,2019,-10
Ansonia,2018,-26
Windsor Locks,2022,-97
Windsor Locks,2021,109
Windsor Locks,2020,135
Windsor Locks,2019,-148
Windsor Locks,2018,-60
Canton,2022,-99
Canton,2021,5
Canton,2020,194
Canton,2019,-87
Canton,2018,-78
East Haddam,2022,-103
East Haddam,2021,-10
East Haddam,2020,70
East Haddam,2019,152
East Haddam,2018,-107
Weston,2022,-106
Weston,2021,62
Weston,2020,221
Weston,2019,-113
Weston,2018,-52
Brookfield,2021,-111
Brookfield,2020,57
Brookfield,2019,17
Brookfield,2018,256
Brookfield,2017,-170
East Lyme,2021,-116
East Lyme,2020,53
East Lyme,2019,26
East Lyme,2018,301
East Lyme,2017,-167
Berlin,2022,-116
Berlin,2021,36
Berlin,2020,-60
Berlin,2019,323
Berlin,2018,-180
Thompson,2022,-116
Thompson,2021,202
Thompson,2020,-79
Thompson,2019,-55
Thompson,2018,-24
Redding,2022,-117
Redding,2021,34
Redding,2020,91
Redding,2019,100
Redding,2018,-88
Suffield,2022,-118
Suffield,2021,31
Suffield,2020,272
Suffield,2019,-150
Suffield,2018,-60
East Hartford,2021,-120
East Hartford,2020,-23
East Hartford,2019,5
East Hartford,2018,-102
East Hartford,2017,152
Old Lyme,2022,-121
Old Lyme,2021,220
Old Lyme,2020,-128
Old Lyme,2019,-29
Old Lyme,2018,-2
Granby,2022,-124
Granby,2021,-4
Granby,2020,56
Granby,2019,174
Granby,2018,-119
Winchester,2022,-124
Winchester,2021,115
Winchester,2020,-7
Winchester,2019,-14
Winchester,2018,-4
Milford,2021,-124
Milford,2020,32
Milford,2019,-94
Milford,2018,882
Milford,2017,-555
Tolland,2022,-130
Tolland,2021,285
Tolland,2020,-116
Tolland,2019,-36
Tolland,2018,-7
Rocky Hill,2022,-132
Rocky Hill,2021,94
Rocky Hill,2020,162
Rocky Hill,2019,-227
Rocky Hill,2018,-28
New London,2022,-133
New London,2021,130
New London,2020,271
New London,2019,-296
New London,2018,10
East Windsor,2022,-133
East Windsor,2021,25
East Windsor,2020,28
East Windsor,2019,174
East Windsor,2018,-100
Killingly,2022,-134
Killingly,2021,91
Killingly,2020,275
Killingly,2019,-278
Killingly,2018,-58
New Fairfield,2022,-135
New Fairfield,2021,217
New Fairfield,2020,-48
New Fairfield,2019,-63
New Fairfield,2018,-37
Coventry,2022,-137
Coventry,2021,243
Coventry,2020,-109
Coventry,2019,-77
Coventry,2018,-31
Cromwell,2022,-139
Cromwell,2021,128
Cromwell,2020,-16
Cromwell,2019,224
Cromwell,2018,-139
Woodbury,2022,-140
Woodbury,2021,126
Woodbury,2020,141
Woodbury,2019,-100
Woodbury,2018,-73
Bloomfield,2022,-145
Bloomfield,2021,314
Bloomfield,2020,-96
Bloomfield,2019,-102
Bloomfield,2018,-25
North Haven,2022,-146
North Haven,2021,95
North Haven,2020,20
North Haven,2019,19
North Haven,2018,-23
Avon,2022,-149
Avon,2021,27
Avon,2020,370
Avon,2019,-201
Avon,2018,-80
Enfield,2021,-152
Enfield,2020,73
Enfield,2019,77
Enfield,2018,511
Enfield,2017,-372
Wolcott,2022,-173
Wolcott,2021,148
Wolcott,2020,-26
Wolcott,2019,5
Wolcott,2018,12
Plainfield,2022,-178
Plainfield,2021,171
Plainfield,2020,-2
Plainfield,2019,222
Plainfield,2018,-155
Old Saybrook,2022,-178
Old Saybrook,2021,62
Old Saybrook,2020,234
Old Saybrook,2019,-121
Old Saybrook,2018,-129
Cheshire,2022,-185
Cheshire,2021,58
Cheshire,2020,384
Cheshire,2019,-310
Cheshire,2018,-81
Monroe,2022,-193
Monroe,2021,82
Monroe,2020,50
Monroe,2019,10
Monroe,2018,-18
Guilford,2022,-201
Guilford,2021,41
Guilford,2020,76
Guilford,2019,351
Guilford,2018,-234
Wilton,2022,-208
Wilton,2021,105
Wilton,2020,338
Wilton,2019,-172
Wilton,2018,-90
South Windsor,2022,-209
South Windsor,2021,60
South Windsor,2020,33
South Windsor,2019,461
South Windsor,2018,-270
Bethel,2022,-209
Bethel,2021,27
Bethel,2020,48
Bethel,2019,316
Bethel,2018,-176
Windsor,2022,-211
Windsor,2021,231
Windsor,2020,344
Windsor,2019,-309
Windsor,2018,-127
Madison,2022,-217
Madison,2021,4
Madison,2020,420
Madison,2019,-279
Madison,2018,-64
Stonington,2022,-231
Stonington,2021,75
Stonington,2020,60
Stonington,2019,275
Stonington,2018,-189
Waterford,2022,-249
Waterford,2021,204
Waterford,2020,-39
Waterford,2019,339
Waterford,2018,-194
Simsbury,2022,-250
Simsbury,2021,119
Simsbury,2020,20
Simsbury,2019,374
Simsbury,2018,-283
Southbury,2022,-253
Southbury,2021,-12
Southbury,2020,96
Southbury,2019,420
Southbury,2018,-329
Darien,2022,-257
Darien,2021,65
Darien,2020,448
Darien,2019,-202
Darien,2018,-111
Wethersfield,2022,-266
Wethersfield,2021,247
Wethersfield,2020,322
Wethersfield,2019,-288
Wethersfield,2018,-115
Ridgefield,2022,-273
Ridgefield,2021,-9
Ridgefield,2020,279
Ridgefield,2019,322
Ridgefield,2018,-289
Branford,2022,-281
Branford,2021,551
Branford,2020,-249
Branford,2019,-188
Branford,2018,70
Norwich,2022,-297
Norwich,2021,247
Norwich,2020,614
Norwich,2019,-372
Norwich,2018,-157
Naugatuck,2022,-304
Naugatuck,2021,164
Naugatuck,2020,496
Naugatuck,2019,-256
Naugatuck,2018,-167
Farmington,2022,-306
Farmington,2021,128
Farmington,2020,122
Farmington,2019,366
Farmington,2018,-246
New Canaan,2022,-320
New Canaan,2021,157
New Canaan,2020,427
New Canaan,2019,-200
New Canaan,2018,-118
Plainville,2022,-327
Plainville,2021,64
Plainville,2020,25
Plainville,2019,-11
Plainville,2018,249
Newtown,2022,-338
Newtown,2021,82
Newtown,2020,171
Newtown,2019,368
Newtown,2018,-246
Glastonbury,2022,-341
Glastonbury,2021,121
Glastonbury,2020,8
Glastonbury,2019,541
Glastonbury,2018,-334
Torrington,2022,-367
Torrington,2021,732
Torrington,2020,-308
Torrington,2019,-181
Torrington,2018,111
Bristol,2022,-369
Bristol,2021,160
Bristol,2020,140
Bristol,2019,806
Bristol,2018,-441
Middletown,2022,-385
Middletown,2021,280
Middletown,2020,-34
Middletown,2019,587
Middletown,2018,-371
New Britain,2022,-415
New Britain,2021,316
New Britain,2020,-18
New Britain,2019,737
New Britain,2018,-487
New Haven,2022,-416
New Haven,2021,380
New Haven,2020,-57
New Haven,2019,126
New Haven,2018,775
Stratford,2022,-434
Stratford,2021,882
Stratford,2020,-512
Stratford,2019,-270
Stratford,2018,143
West Hartford,2022,-485
West Hartford,2021,481
West Hartford,2020,-133
West Hartford,2019,5
West Hartford,2018,809
Danbury,2022,-520
Danbury,2021,281
Danbury,2020,64
Danbury,2019,937
Danbury,2018,-526
Waterbury,2022,-694
Waterbury,2021,767
Waterbury,2020,30
Waterbury,2019,1176
Waterbury,2018,-644
Norwalk,2022,-708
Norwalk,2021,479
Norwalk,2020,1159
Norwalk,2019,-845
Norwalk,2018,-296
Stamford,2022,-896
Stamford,2021,712
Stamford,2020,190
Stamford,2019,1312
Stamford,2018,-1110
