Town,Year,Transactions
Stamford,2022,1775
Stamford,2021,2671
Stamford,2020,1959
Stamford,2019,1769
Stamford,2018,457
Waterbury,2022,1722
Waterbury,2021,2416
Waterbury,2020,1649
Waterbury,2019,1619
Waterbury,2018,443
Bridgeport,2022,1614
Bridgeport,2021,671
Bridgeport,2020,1279
Bridgeport,2019,2021
Bridgeport,2018,1932
Greenwich,2021,1333
Greenwich,2020,1313
Greenwich,2019,936
Greenwich,2018,1020
Greenwich,2017,1008
Norwalk,2022,1220
Norwalk,2021,1928
Norwalk,2020,1449
Norwalk,2019,290
Norwalk,2018,1135
Danbury,2022,1109
Danbury,2021,1629
Danbury,2020,1348
Danbury,2019,1284
Danbury,2018,347
Bristol,2022,1022
Bristol,2021,1391
Bristol,2020,1231
Bristol,2019,1091
Bristol,2018,285
New Haven,2022,1012
New Haven,2021,1428
New Haven,2020,1048
New Haven,2019,1105
New Haven,2018,979
Hartford,2021,980
Hartford,2020,952
Hartford,2019,998
Hartford,2018,954
Hartford,2017,229
Hamden,2022,968
Hamden,2021,338
Hamden,2020,744
Hamden,2019,960
Hamden,2018,1058
Meriden,2021,945
Meriden,2020,1015
Meriden,2019,960
Meriden,2018,899
Meriden,2017,925
West Hartford,2022,933
West Hartford,2021,1418
West Hartford,2020,937
West Hartford,2019,1070
West Hartford,2018,1065
Milford,2021,928
Milford,2020,1052
Milford,2019,1020
Milford,2018,1114
Milford,2017,232
Manchester,2021,903
Manchester,2020,989
Manchester,2019,927
Manchester,2018,1025
Manchester,2017,267
Stratford,2022,875
Stratford,2021,1309
Stratford,2020,427
Stratford,2019,939
Stratford,2018,1209
New Britain,2022,869
New Britain,2021,1284
New Britain,2020,968
New Britain,2019,986
New Britain,2018,249
Fairfield,2022,868
Fairfield,2021,297
Fairfield,2020,1019
Fairfield,2019,1096
Fairfield,2018,1058
Norwich,2022,769
Norwich,2021,1066
Norwich,2020,819
Norwich,2019,205
Norwich,2018,577
Shelton,2021,721
Shelton,2020,766
Shelton,2019,771
Shelton,2018,719
Shelton,2017,669
East Hartford,2021,696
East Hartford,2020,816
East Hartford,2019,839
East Hartford,2018,834
East Hartford,2017,936
Torrington,2022,694
Torrington,2021,1061
Torrington,2020,329
Torrington,2019,637
Torrington,2018,818
Enfield,2021,692
Enfield,2020,844
Enfield,2019,771
Enfield,2018,694
Enfield,2017,183
Southington,2022,688
Southington,2021,251
Southington,2020,642
Southington,2019,809
Southington,2018,841
West Haven,2022,672
West Haven,2021,264
West Haven,2020,376
West Haven,2019,745
West Haven,2018,795
Middletown,2022,650
Middletown,2021,1035
Middletown,2020,755
Middletown,2019,789
Middletown,2018,202
Wallingford,2022,615
Wallingford,2021,228
Wallingford,2020,506
Wallingford,2019,788
Wallingford,2018,753
Groton,2021,583
Groton,2020,668
Groton,2019,637
Groton,2018,626
Groton,2017,145
Trumbull,2021,556
Trumbull,2020,640
Trumbull,2019,604
Trumbull,2018,605
Trumbull,2017,557
East Haven,2021,529
East Haven,2020,617
East Haven,2019,579
East Haven,2018,597
East Haven,2017,146
New Milford,2022,520
New Milford,2021,206
New Milford,2020,387
New Milford,2019,572
New Milford,2018,660
Westport,2022,514
Westport,2021,166
Westport,2020,391
Westport,2019,459
Westport,2018,527
Glastonbury,2022,507
Glastonbury,2021,848
Glastonbury,2020,727
Glastonbury,2019,719
Glastonbury,2018,178
Branford,2022,490
Branford,2021,771
Branford,2020,220
Branford,2019,469
Branford,2018,657
Naugatuck,2022,486
Naugatuck,2021,790
Naugatuck,2020,626
Naugatuck,2019,130
Naugatuck,2018,386
Vernon,2021,483
Vernon,2020,498
Vernon,2019,530
Vernon,2018,529
Vernon,2017,123
South Windsor,2022,473
South Windsor,2021,682
South Windsor,2020,622
South Windsor,2019,589
South Windsor,2018,128
Newington,2022,454
Newington,2021,171
Newington,2020,294
Newington,2019,451
Newington,2018,499
Windsor,2022,447
Windsor,2021,658
Windsor,2020,427
Windsor,2019,83
Windsor,2018,392
Ridgefield,2022,429
Ridgefield,2021,702
Ridgefield,2020,711
Ridgefield,2019,432
Ridgefield,2018,110
Farmington,2022,426
Farmington,2021,732
Farmington,2020,604
Farmington,2019,482
Farmington,2018,116
Newtown,2022,412
Newtown,2021,750
Newtown,2020,668
Newtown,2019,497
Newtown,2018,129
Wethersfield,2022,390
Wethersfield,2021,656
Wethersfield,2020,409
Wethersfield,2019,87
Wethersfield,2018,375
East Lyme,2021,379
East Lyme,2020,495
East Lyme,2019,442
East Lyme,2018,416
East Lyme,2017,115
Southbury,2022,375
Southbury,2021,628
Southbury,2020,640
Southbury,2019,544
Southbury,2018,124
Cheshire,2022,374
Cheshire,2021,559
Cheshire,2020,501
Cheshire,2019,117
Cheshire,2018,427
New London,2022,369
New London,2021,502
New London,2020,372
New London,2019,101
New London,2018,397
Watertown,2022,368
Watertown,2021,458
Watertown,2020,341
Watertown,2019,73
Watertown,2018,290
Guilford,2022,368
Guilford,2021,569
Guilford,2020,528
Guilford,2019,452
Guilford,2018,101
Simsbury,2022,357
Simsbury,2021,607
Simsbury,2020,488
Simsbury,2019,468
Simsbury,2018,94
Waterford,2022,356
Waterford,2021,605
Waterford,2020,401
Waterford,2019,440
Waterford,2018,101
Avon,2022,355
Avon,2021,504
Avon,2020,477
Avon,2019,107
Avon,2018,308
Montville,2021,353
Montville,2020,340
Montville,2019,398
Montville,2018,370
Montville,2017,72
Killingly,2022,348
Killingly,2021,482
Killingly,2020,391
Killingly,2019,116
Killingly,2018,394
North Haven,2022,344
North Haven,2021,490
North Haven,2020,395
North Haven,2019,375
North Haven,2018,356
New Canaan,2022,344
New Canaan,2021,664
New Canaan,2020,507
New Canaan,2019,80
New Canaan,2018,280
Darien,2022,327
Darien,2021,584
Darien,2020,519
Darien,2019,71
Darien,2018,273
Brookfield,2021,315
Brookfield,2020,426
Brookfield,2019,369
Brookfield,2018,352
Brookfield,2017,96
Stonington,2022,303
Stonington,2021,534
Stonington,2020,459
Stonington,2019,399
Stonington,2018,124
Ledyard,2022,294
Ledyard,2021,124
Ledyard,2020,262
Ledyard,2019,341
Ledyard,2018,337
Berlin,2022,288
Berlin,2021,404
Berlin,2020,368
Berlin,2019,428
Berlin,2018,105
Madison,2022,286
Madison,2021,503
Madison,2020,499
Madison,2019,79
Madison,2018,358
Plainfield,2022,285
Plainfield,2021,463
Plainfield,2020,292
Plainfield,2019,294
Plainfield,2018,72
Windham,2022,283
Windham,2021,363
Windham,2020,240
Windham,2019,46
Windham,2018,259
Wilton,2022,280
Wilton,2021,488
Wilton,2020,383
Wilton,2019,45
Wilton,2018,217
Bethel,2022,279
Bethel,2021,488
Bethel,2020,461
Bethel,2019,413
Bethel,2018,97
Colchester,2021,279
Colchester,2020,309
Colchester,2019,263
Colchester,2018,246
Colchester,2017,56
Griswold,2021,273
Griswold,2020,250
Griswold,2019,232
Griswold,2018,230
Griswold,2017,61
Bloomfield,2022,272
Bloomfield,2021,417
Bloomfield,2020,103
Bloomfield,2019,199
Bloomfield,2018,301
Monroe,2022,269
Monroe,2021,462
Monroe,2020,380
Monroe,2019,330
Monroe,2018,320
Cromwell,2022,265
Cromwell,2021,404
Cromwell,2020,276
Cromwell,2019,292
Cromwell,2018,68
Ansonia,2022,257
Ansonia,2021,354
Ansonia,2020,299
Ansonia,2019,256
Ansonia,2018,266
Suffield,2022,247
Suffield,2021,365
Suffield,2020,334
Suffield,2019,62
Suffield,2018,212
East Hampton,2022,245
East Hampton,2021,93
East Hampton,2020,265
East Hampton,2019,264
East Hampton,2018,311
Seymour,2022,243
Seymour,2021,103
Seymour,2020,188
Seymour,2019,299
Seymour,2018,295
Tolland,2022,240
Tolland,2021,370
Tolland,2020,85
Tolland,2019,201
Tolland,2018,237
Stafford,2022,233
Stafford,2021,119
Stafford,2020,133
Stafford,2019,287
Stafford,2018,323
Plymouth,2021,232
Plymouth,2020,234
Plymouth,2019,261
Plymouth,2018,287
Plymouth,2017,64
Wolcott,2022,231
Wolcott,2021,404
Wolcott,2020,256
Wolcott,2019,282
Wolcott,2018,277
Ellington,2022,230
Ellington,2021,83
Ellington,2020,228
Ellington,2019,256
Ellington,2018,271
Mansfield,2022,224
Mansfield,2021,307
Mansfield,2020,62
Mansfield,2019,175
Mansfield,2018,274
Middlebury,2021,214
Middlebury,2020,181
Middlebury,2019,179
Middlebury,2018,158
Middlebury,2017,45
Clinton,2022,213
Clinton,2021,94
Clinton,2020,244
Clinton,2019,296
Clinton,2018,294
New Fairfield,2022,211
New Fairfield,2021,346
New Fairfield,2020,129
New Fairfield,2019,177
New Fairfield,2018,240
Derby,2022,203
Derby,2021,162
Derby,2020,207
Derby,2019,191
Derby,2018,217
Coventry,2022,202
Coventry,2021,339
Coventry,2020,96
Coventry,2019,205
Coventry,2018,282
Weston,2022,201
Weston,2021,307
Weston,2020,245
Weston,2019,24
Weston,2018,137
Windsor Locks,2022,196
Windsor Locks,2021,293
Windsor Locks,2020,184
Windsor Locks,2019,49
Windsor Locks,2018,197
Rocky Hill,2022,191
Rocky Hill,2021,323
Rocky Hill,2020,229
Rocky Hill,2019,67
Rocky Hill,2018,294
Winchester,2022,189
Winchester,2021,313
Winchester,2020,198
Winchester,2019,205
Winchester,2018,219
Oxford,2022,182
Oxford,2021,77
Oxford,2020,174
Oxford,2019,249
Oxford,2018,240
Putnam,2022,171
Putnam,2021,255
Putnam,2020,82
Putnam,2019,159
Putnam,2018,227
Old Saybrook,2022,168
Old Saybrook,2021,346
Old Saybrook,2020,284
Old Saybrook,2019,50
Old Saybrook,2018,171
Woodbury,2022,167
Woodbury,2021,307
Woodbury,2020,181
Woodbury,2019,40
Woodbury,2018,140
Westbrook,2021,162
Westbrook,2020,173
Westbrook,2019,150
Westbrook,2018,174
Westbrook,2017,39
Portland,2022,162
Portland,2021,245
Portland,2020,189
Portland,2019,188
Portland,2018,196
Canton,2022,161
Canton,2021,260
Canton,2020,255
Canton,2019,61
Canton,2018,148
East Windsor,2022,159
East Windsor,2021,292
East Windsor,2020,267
East Windsor,2019,239
East Windsor,2018,65
East Haddam,2022,158
East Haddam,2021,261
East Haddam,2020,271
East Haddam,2019,201
East Haddam,2018,49
Litchfield,2022,156
Litchfield,2021,243
Litchfield,2020,275
Litchfield,2019,45
Litchfield,2018,121
North Branford,2022,154
North Branford,2021,61
North Branford,2020,132
North Branford,2019,142
North Branford,2018,137
Burlington,2022,154
Burlington,2021,226
Burlington,2020,275
Burlington,2019,192
Burlington,2018,208
Old Lyme,2022,153
Old Lyme,2021,274
Old Lyme,2020,54
Old Lyme,2019,182
Old Lyme,2018,211
Thompson,2022,151
Thompson,2021,267
Thompson,2020,65
Thompson,2019,144
Thompson,2018,199
Woodbridge,2022,151
Woodbridge,2021,160
Woodbridge,2020,123
Woodbridge,2019,138
Woodbridge,2018,155
Woodstock,2021,150
Woodstock,2020,149
Woodstock,2019,160
Woodstock,2018,186
Woodstock,2017,46
Redding,2022,147
Redding,2021,264
Redding,2020,230
Redding,2019,139
Redding,2018,39
Granby,2022,146
Granby,2021,270
Granby,2020,274
Granby,2019,218
Granby,2018,44
Hebron,2021,143
Hebron,2020,228
Hebron,2019,157
Hebron,2018,178
Hebron,2017,51
Thomaston,2021,138
Thomaston,2020,145
Thomaston,2019,131
Thomaston,2018,124
Thomaston,2017,117
Somers,2022,133
Somers,2021,50
Somers,2020,117
Somers,2019,153
Somers,2018,158
Prospect,2022,133
Prospect,2021,51
Prospect,2020,124
Prospect,2019,200
Prospect,2018,199
Essex,2022,130
Essex,2021,208
Essex,2020,228
Essex,2019,38
Essex,2018,133
Brooklyn,2022,127
Brooklyn,2021,57
Brooklyn,2020,158
Brooklyn,2019,173
Brooklyn,2018,184
Beacon Falls,2021,121
Beacon Falls,2020,142
Beacon Falls,2019,158
Beacon Falls,2018,131
Beacon Falls,2017,20
Haddam,2022,119
Haddam,2021,49
Haddam,2020,132
Haddam,2019,129
Haddam,2018,148
Killingworth,2021,117
Killingworth,2020,154
Killingworth,2019,119
Killingworth,2018,143
Killingworth,2017,31
New Hartford,2022,115
New Hartford,2021,151
New Hartford,2020,146
New Hartford,2019,129
New Hartford,2018,120
North Stonington,2022,112
North Stonington,2021,33
North Stonington,2020,51
North Stonington,2019,91
North Stonington,2018,106
Easton,2022,112
Easton,2021,186
Easton,2020,200
Easton,2019,145
Easton,2018,156
East Granby,2022,107
East Granby,2021,141
East Granby,2020,132
East Granby,2019,123
East Granby,2018,109
Preston,2022,104
Preston,2021,140
Preston,2020,120
Preston,2019,95
Preston,2018,34
Marlborough,2022,94
Marlborough,2021,35
Marlborough,2020,86
Marlborough,2019,120
Marlborough,2018,101
Salem,2021,94
Salem,2020,97
Salem,2019,78
Salem,2018,98
Salem,2017,97
Harwinton,2022,89
Harwinton,2021,139
Harwinton,2020,128
Harwinton,2019,32
Harwinton,2018,57
Plainville,2022,88
Plainville,2021,415
Plainville,2020,351
Plainville,2019,326
Plainville,2018,337
Lebanon,2022,87
Lebanon,2021,164
Lebanon,2020,169
Lebanon,2019,37
Lebanon,2018,96
Sterling,2022,85
Sterling,2021,113
Sterling,2020,85
Sterling,2019,122
Sterling,2018,20
Lisbon,2021,84
Lisbon,2020,87
Lisbon,2019,87
Lisbon,2018,93
Lisbon,2017,20
Canterbury,2022,82
Canterbury,2021,26
Canterbury,2020,79
Canterbury,2019,108
Canterbury,2018,89
Columbia,2021,80
Columbia,2020,125
Columbia,2019,99
Columbia,2018,99
Columbia,2017,26
Goshen,2022,75
Goshen,2021,121
Goshen,2020,120
Goshen,2019,94
Goshen,2018,15
Sherman,2022,74
Sherman,2021,104
Sherman,2020,119
Sherman,2019,19
Sherman,2018,72
Salisbury,2022,73
Salisbury,2021,32
Salisbury,2020,96
Salisbury,2019,76
Salisbury,2018,94
Washington,2022,71
Washington,2021,114
Washington,2020,145
Washington,2019,19
Washington,2018,74
Barkhamsted,2022,71
Barkhamsted,2021,78
Barkhamsted,2020,97
Barkhamsted,2019,15
Barkhamsted,2018,65
Durham,2022,70
Durham,2021,33
Durham,2020,110
Durham,2019,134
Durham,2018,136
Voluntown,2022,68
Voluntown,2021,13
Voluntown,2020,43
Voluntown,2019,58
Voluntown,2018,47
Sharon,2022,68
Sharon,2021,131
Sharon,2020,113
Sharon,2019,14
Sharon,2018,46
Bolton,2022,67
Bolton,2021,93
Bolton,2020,97
Bolton,2019,19
Bolton,2018,67
Willington,2022,67
Willington,2021,104
Willington,2020,79
Willington,2019,13
Willington,2018,57
Middlefield,2022,64
Middlefield,2021,111
Middlefield,2020,82
Middlefield,2019,78
Middlefield,2018,78
Deep River,2022,64
Deep River,2021,33
Deep River,2020,62
Deep River,2019,114
Deep River,2018,91
Ashford,2021,62
Ashford,2020,102
Ashford,2019,78
Ashford,2018,85
Ashford,2017,33
Bethany,2022,58
Bethany,2021,130
Bethany,2020,124
Bethany,2019,26
Bethany,2018,65
North Canaan,2022,57
North Canaan,2021,100
North Canaan,2020,65
North Canaan,2019,52
North Canaan,2018,19
Bethlehem,2022,57
Bethlehem,2021,85
Bethlehem,2020,86
Bethlehem,2019,17
Bethlehem,2018,38
Andover,2021,55
Andover,2020,53
Andover,2019,71
Andover,2018,77
Andover,2017,14
Pomfret,2022,54
Pomfret,2021,25
Pomfret,2020,77
Pomfret,2019,87
Pomfret,2018,69
Sprague,2022,53
Sprague,2021,58
Sprague,2020,52
Sprague,2019,61
Sprague,2018,16
Chester,2022,52
Chester,2021,77
Chester,2020,81
Chester,2019,20
Chester,2018,39
Kent,2022,50
Kent,2021,101
Kent,2020,117
Kent,2019,21
Kent,2018,47
Lyme,2022,44
Lyme,2021,77
Lyme,2020,68
Lyme,2019,18
Lyme,2018,44
Morris,2022,43
Morris,2021,67
Morris,2020,65
Morris,2019,41
Morris,2018,40
Cornwall,2021,42
Cornwall,2020,60
Cornwall,2019,44
Cornwall,2018,39
Cornwall,2017,9
Colebrook,2022,42
Colebrook,2021,42
Colebrook,2020,44
Colebrook,2019,19
Colebrook,2018,20
Eastford,2022,42
Eastford,2021,48
Eastford,2020,50
Eastford,2019,13
Eastford,2018,19
Roxbury,2022,41
Roxbury,2021,85
Roxbury,2020,88
Roxbury,2019,52
Roxbury,2018,17
Norfolk,2022,35
Norfolk,2021,44
Norfolk,2020,48
Norfolk,2019,12
Norfolk,2018,25
Franklin,2022,35
Franklin,2021,61
Franklin,2020,56
Franklin,2019,11
Franklin,2018,22
Bridgewater,2022,34
Bridgewater,2021,47
Bridgewater,2020,52
Bridgewater,2019,30
Bridgewater,2018,32
Hampton,2022,34
Hampton,2021,44
Hampton,2020,49
Hampton,2019,12
Hampton,2018,29
Canaan,2022,33
Canaan,2021,38
Canaan,2020,36
Canaan,2019,37
Canaan,2018,8
Chaplin,2022,31
Chaplin,2021,40
Chaplin,2020,49
Chaplin,2019,5
Chaplin,2018,33
Warren,2022,27
Warren,2021,45
Warren,2020,56
Warren,2019,22
Warren,2018,6
Bozrah,2022,27
Bozrah,2021,36
Bozrah,2020,38
Bozrah,2019,39
Bozrah,2018,10
Scotland,2022,24
Scotland,2021,37
Scotland,2020,27
Scotland,2019,8
Scotland,2018,20
Hartland,2022,22
Hartland,2021,17
Hartland,2020,22
Hartland,2019,36
Hartland,2018,38
Union,2022,18
Union,2021,25
Union,2020,12
Union,2018,18
Union,2017,22
